Sl No.,Date,Brand Name,Category,Sub-Category,Brief Product Descirption,EAN Number,Model Number,Color,Material,Size (If applicable),Key Attribute 1,Key Attribute 2,Key Attribute 3,Key Attribute 4,Key Attribute 5,Keywords,,,,,,,,,
1,14/9/2024,Arthaa,Office Notebooks,Unruled Notebook,"Arthaa A5 Laser engraved designer MDF cover with 100 unruled 90GSM Bond Pages, spiral bound",NA,MDF-BK-DIW-A5-1,Black,MDF,A5,Laser Engraved MDF Cover - Designer,100 Pages of Unruled 90 GSM Bond Paper,Fully openable for ease of writing,High quality materials and durable,Limited Designer Editions,"Spiral Notebook
Unruled Notebook
Wood Cover
MDF Cover
Notebook for office
Notebook for Journal
Office Notebook",,,,,,,,,
2,23/9/2024,Godrej,Locks,Door Handles with Locks,Godrej Mortise Lock,NA,EM-01,Matte Black,Stainless Steel,200 mm,"High quality steel, chrome plated","cylindrical lock, 3 keys,","double deadbolt, reversible bolt, ",interchangable handles (left handed opening or right handed opening),Door with thickness 28mm to 40mm,"Mortise lock with handle
mortise door handle set
mortise lock with latch for door
door lock with mortise
",,,,,,,,,
3,23/9/2024,Godrej,Locks,Door Handles with Locks,Godrej Mortise Lock,NA,EM-02,Antique Brass,Stainless Steel,200 mm,"High quality steel, chrome plated","cylindrical lock, 3 keys,","double deadbolt, reversible bolt, ",interchangable handles (left handed opening or right handed opening),Door with thickness 28mm to 40mm,"Mortise lock with handle
mortise door handle set
mortise lock with latch for door
door lock with mortise
",,,,,,,,,
4,23/9/2024,Godrej,Locks,Door Handles with Locks,Godrej Mortise Lock,NA,EM-02,Stainless Steel,Stainless Steel,200 mm,"High quality steel, chrome plated","cylindrical lock, 3 keys,","double deadbolt, reversible bolt, ",interchangable handles (left handed opening or right handed opening),Door with thickness 28mm to 40mm,"Mortise lock with handle
mortise door handle set
mortise lock with latch for door
door lock with mortise
",,,,,,,,,
5,28/9/2024,Godrej,Door Hardware and Locks,Wardrobe Fittings,HIKIDO (OPK) Inset - 2 Doors 50 Kg Soft Close (Rollers + Dampers Set),30161800SD00111,8513,Grey,Plastic,,"Easy and Quick Installation with minimal number of components. The alignment of the door, servicing and maintenance becomes easy with simple flap lock provided in the runners",The Track profile and runners on top and bottom of the wardrobe are the same making it intuitive for a technician or carpenter,The inset system provides robust hydraulic dampners for smooth soft close. The dampers are installed in such a way that they are completely concealed. Dampers are suitable for weight upto 50kgs,The high quality hikido inset system accomodates wooden doors from 18mm upto 25mm with a maximum load bearing capacity of 50kg per door,"Tested in compliance of EN:15706:2009 Level 3. Functionality suitable, sufficiently stregthened and durable for horizontal sliding doors. Suitable for wardrobe design where the doors are completely fit inside the carcass frame. 
","sliding wardrobe roller set
sliding wardrobe fitting
Sliding door
Wardrobe
Roller
Track
Closet
Soft close
Heavy duty
Nylon wheel
Stainless steel
Glass slider
""Wardrobe sliding door fittings""
""Soft close sliding door rollers""
""Heavy duty wardrobe track system""
""Sliding door wheels for almirah""
""Noiseless wardrobe roller set""
""Glass sliding door hardware""
""Cupboard sliding channel price""
""Smooth sliding wardrobe mechanism""
""Durable sliding door rollers for wooden doors""
""High load-bearing wardrobe wheels""",,,,,,,,,
,28/9/2024,Godrej,Door Hardware and Locks,Wardrobe Fittings,HIKIDO (OPK) Inset - 3 Doors 50 Kg Soft Close (Rollers + Dampers Set),30161800SD00112,8514,Grey,Plastic,,"Easy and Quick Installation with minimal number of components. The alignment of the door, servicing and maintenance becomes easy with simple flap lock provided in the runners",The Track profile and runners on top and bottom of the wardrobe are the same making it intuitive for a technician or carpenter,The inset system provides robust hydraulic dampners for smooth soft close. The dampers are installed in such a way that they are completely concealed. Dampers are suitable for weight upto 50kgs,The high quality hikido inset system accomodates wooden doors from 18mm upto 25mm with a maximum load bearing capacity of 50kg per door,"Tested in compliance of EN:15706:2009 Level 3. Functionality suitable, sufficiently stregthened and durable for horizontal sliding doors. Suitable for wardrobe design where the doors are completely fit inside the carcass frame. 
","sliding wardrobe roller set
sliding wardrobe fitting
Sliding door
Wardrobe
Roller
Track
Closet
Soft close
Heavy duty
Nylon wheel
Stainless steel
Glass slider
""Wardrobe sliding door fittings""
""Soft close sliding door rollers""
""Heavy duty wardrobe track system""
""Sliding door wheels for almirah""
""Noiseless wardrobe roller set""
""Glass sliding door hardware""
""Cupboard sliding channel price""
""Smooth sliding wardrobe mechanism""
""Durable sliding door rollers for wooden doors""
""High load-bearing wardrobe wheels""",,,,,,,,,"
"
,28/9/2024,Godrej,Door Hardware and Locks,Wardrobe Fittings,HIKIDO (OPK) Inset - Surface Mounted Aluminum Track 2.44m (Top & Bottom),30161800SD00115,8517,Silver Annodized,Aluminium,,"Easy and Quick Installation with minimal number of components. The alignment of the door, servicing and maintenance becomes easy with simple flap lock provided in the runners",The Track profile and runners on top and bottom of the wardrobe are the same making it intuitive for a technician or carpenter,The inset system provides robust hydraulic dampners for smooth soft close. The dampers are installed in such a way that they are completely concealed. Dampers are suitable for weight upto 50kgs,The high quality hikido inset system accomodates wooden doors from 18mm upto 25mm with a maximum load bearing capacity of 50kg per door,"Tested in compliance of EN:15706:2009 Level 3. Functionality suitable, sufficiently stregthened and durable for horizontal sliding doors. Suitable for wardrobe design where the doors are completely fit inside the carcass frame. 
","sliding wardrobe roller set
sliding wardrobe fitting
Sliding door
Wardrobe
Roller
Track
Closet
Soft close
Heavy duty
Nylon wheel
Stainless steel
Glass slider
""Wardrobe sliding door fittings""
""Soft close sliding door rollers""
""Heavy duty wardrobe track system""
""Sliding door wheels for almirah""
""Noiseless wardrobe roller set""
""Glass sliding door hardware""
""Cupboard sliding channel price""
""Smooth sliding wardrobe mechanism""
""Durable sliding door rollers for wooden doors""
""High load-bearing wardrobe wheels""",,,,,,,,,"
"
,25/11/2024,Godrej,Regular Channels - 45 kgs,Wardrobe Fittings,"Godrej Regular Channel 45kg chorme plated SS bearing, full extension",nnn,8032,Zinc,CRCA Steel,,Full Extension,45kg load bearing capacity,10 years warranty on functionality,zinc finish for durability and rust resistance,BIMFA Certified and tested for 50000 lifecycles,"Drawer slides
Drawer Channel for bedroom
Full extension Drawer channel
full extension drawer slides
wardrobe fittings",,,,,,,,,