Sl No.,Date,Brand Name,Category,Sub-Category,Brief Product Descirption,EAN Number,Model Number,Color,Material,Size (If applicable),Key Attribute 1,Key Attribute 2,Key Attribute 3,Key Attribute 4,Key Attribute 5,Keywords,Unnamed: 17,Unnamed: 18,Unnamed: 19,Unnamed: 20,Unnamed: 21,Unnamed: 22,Unnamed: 23,Unnamed: 24,Unnamed: 25,Generated Title,Generated Bullet Points,Generated Description
1.0,14/9/2024,Arthaa,Office Notebooks,Unruled Notebook,"Arthaa A5 Laser engraved designer MDF cover with 100 unruled 90GSM Bond Pages, spiral bound",,MDF-BK-DIW-A5-1,Black,MDF,A5,Laser Engraved MDF Cover - Designer,100 Pages of Unruled 90 GSM Bond Paper,Fully openable for ease of writing,High quality materials and durable,Limited Designer Editions,"Spiral Notebook
Unruled Notebook
Wood Cover
MDF Cover
Notebook for office
Notebook for Journal
Office Notebook",,,,,,,,,,Here's a comprehensive Amazon listing for your notebook:,"PREMIUM WOODEN COVER: Handcrafted Black MDF cover with intricate laser-engraved designer patterns, making each notebook a unique piece of art for your desk. Perfect blend of sophistication and durability.
SUPERIOR WRITING EXPERIENCE: 100 pages of pristine unruled 90 GSM bond paper that prevents ink bleeding and ghosting. Ideal for sketching, journaling, planning, and creative writing.
PRACTICAL SPIRAL BINDING: 360-degree fully openable design allows flat laying for comfortable writing. Strong metal spiral ensures pages stay intact even with daily use.
PERFECT A5 SIZE: Measures 21 x 14.8 cm - compact enough for your bag yet spacious enough for all your thoughts. Ideal for professionals, students, artists, and journal enthusiasts.
LIMITED DESIGNER EDITION: Part of Arthaa's exclusive collection, each notebook is crafted with precision in India. Makes for a thoughtful gift with its premium packaging and sophisticated appeal.",
2.0,23/9/2024,Godrej,Locks,Door Handles with Locks,Godrej Mortise Lock,,EM-01,Matte Black,Stainless Steel,200 mm,"High quality steel, chrome plated","cylindrical lock, 3 keys,","double deadbolt, reversible bolt, ",interchangable handles (left handed opening or right handed opening),Door with thickness 28mm to 40mm,"Mortise lock with handle
mortise door handle set
mortise lock with latch for door
door lock with mortise
",,,,,,,,,,Here's a comprehensive Amazon listing for the Godrej Mortise Lock:,"High-quality stainless steel construction
Double deadbolt security system
Reversible latch mechanism
3 brass keys included
Suitable for 28-40mm door thickness","Whether you're upgrading your home security or outfitting a new property, this Godrej mortise lock delivers the perfect combination of security, functionality, and style. Trust in Godrej's century-old legacy of manufacturing excellence and choose this mortise lock for lasting peace of mind.

Keywords: mortise lock with handle, mortise door handle set, mortise lock with latch for door, door lock with mortise, Godrej door lock, security door lock, door handle with lock"
3.0,23/9/2024,Godrej,Locks,Door Handles with Locks,Godrej Mortise Lock,,EM-02,Antique Brass,Stainless Steel,200 mm,"High quality steel, chrome plated","cylindrical lock, 3 keys,","double deadbolt, reversible bolt, ",interchangable handles (left handed opening or right handed opening),Door with thickness 28mm to 40mm,"Mortise lock with handle
mortise door handle set
mortise lock with latch for door
door lock with mortise
",,,,,,,,,,Here's a comprehensive Amazon listing for the Godrej Mortise Lock:,"Premium stainless steel construction ensuring years of rust-free performance
Reversible design allowing flexible installation on any door
Double deadbolt system for enhanced security
Smooth operation with precision-engineered components
Easy installation process with detailed instructions","Whether you're securing your home, office, or commercial space, this mortise lock delivers reliable protection while maintaining aesthetic appeal. The versatile design accommodates doors between 28mm to 40mm thickness, making it suitable for most standard Indian doors.

Ideal for:
✓ Main entrance doors
✓ Bedroom doors
✓ Office cabins
✓ Commercial establishments
✓ Apartment complexes

Trust in Godrej's century-old expertise in security solutions and upgrade your door hardware with this premium mortise lock system today.

Search Terms: mortise lock with handle, mortise door handle set, mortise lock with latch for door, door lock with mortise, Godrej door lock, security lock for main door"
4.0,23/9/2024,Godrej,Locks,Door Handles with Locks,Godrej Mortise Lock,,EM-02,Stainless Steel,Stainless Steel,200 mm,"High quality steel, chrome plated","cylindrical lock, 3 keys,","double deadbolt, reversible bolt, ",interchangable handles (left handed opening or right handed opening),Door with thickness 28mm to 40mm,"Mortise lock with handle
mortise door handle set
mortise lock with latch for door
door lock with mortise
",,,,,,,,,,Here's a comprehensive Amazon listing for the Godrej Mortise Lock:,,
5.0,28/9/2024,Godrej,Door Hardware and Locks,Wardrobe Fittings,HIKIDO (OPK) Inset - 2 Doors 50 Kg Soft Close (Rollers + Dampers Set),30161800SD00111,8513,Grey,Plastic,,"Easy and Quick Installation with minimal number of components. The alignment of the door, servicing and maintenance becomes easy with simple flap lock provided in the runners",The Track profile and runners on top and bottom of the wardrobe are the same making it intuitive for a technician or carpenter,The inset system provides robust hydraulic dampners for smooth soft close. The dampers are installed in such a way that they are completely concealed. Dampers are suitable for weight upto 50kgs,The high quality hikido inset system accomodates wooden doors from 18mm upto 25mm with a maximum load bearing capacity of 50kg per door,"Tested in compliance of EN:15706:2009 Level 3. Functionality suitable, sufficiently stregthened and durable for horizontal sliding doors. Suitable for wardrobe design where the doors are completely fit inside the carcass frame. 
","sliding wardrobe roller set
sliding wardrobe fitting
Sliding door
Wardrobe
Roller
Track
Closet
Soft close
Heavy duty
Nylon wheel
Stainless steel
Glass slider
""Wardrobe sliding door fittings""
""Soft close sliding door rollers""
""Heavy duty wardrobe track system""
""Sliding door wheels for almirah""
""Noiseless wardrobe roller set""
""Glass sliding door hardware""
""Cupboard sliding channel price""
""Smooth sliding wardrobe mechanism""
""Durable sliding door rollers for wooden doors""
""High load-bearing wardrobe wheels""",,,,,,,,,,Here's a comprehensive Amazon listing for the Godrej HIKIDO Wardrobe Fitting:,,
,28/9/2024,Godrej,Door Hardware and Locks,Wardrobe Fittings,HIKIDO (OPK) Inset - 3 Doors 50 Kg Soft Close (Rollers + Dampers Set),30161800SD00112,8514,Grey,Plastic,,"Easy and Quick Installation with minimal number of components. The alignment of the door, servicing and maintenance becomes easy with simple flap lock provided in the runners",The Track profile and runners on top and bottom of the wardrobe are the same making it intuitive for a technician or carpenter,The inset system provides robust hydraulic dampners for smooth soft close. The dampers are installed in such a way that they are completely concealed. Dampers are suitable for weight upto 50kgs,The high quality hikido inset system accomodates wooden doors from 18mm upto 25mm with a maximum load bearing capacity of 50kg per door,"Tested in compliance of EN:15706:2009 Level 3. Functionality suitable, sufficiently stregthened and durable for horizontal sliding doors. Suitable for wardrobe design where the doors are completely fit inside the carcass frame. 
","sliding wardrobe roller set
sliding wardrobe fitting
Sliding door
Wardrobe
Roller
Track
Closet
Soft close
Heavy duty
Nylon wheel
Stainless steel
Glass slider
""Wardrobe sliding door fittings""
""Soft close sliding door rollers""
""Heavy duty wardrobe track system""
""Sliding door wheels for almirah""
""Noiseless wardrobe roller set""
""Glass sliding door hardware""
""Cupboard sliding channel price""
""Smooth sliding wardrobe mechanism""
""Durable sliding door rollers for wooden doors""
""High load-bearing wardrobe wheels""",,,,,,,,,"
",Here's a comprehensive Amazon listing for the Godrej HIKIDO Wardrobe Fitting:,"Material: High-grade plastic components
Color: Grey
Door Capacity: 3 doors
Weight Capacity: 50 kg per door
Door Thickness Range: 18-25mm",Note: Professional installation recommended for optimal performance.
,28/9/2024,Godrej,Door Hardware and Locks,Wardrobe Fittings,HIKIDO (OPK) Inset - Surface Mounted Aluminum Track 2.44m (Top & Bottom),30161800SD00115,8517,Silver Annodized,Aluminium,,"Easy and Quick Installation with minimal number of components. The alignment of the door, servicing and maintenance becomes easy with simple flap lock provided in the runners",The Track profile and runners on top and bottom of the wardrobe are the same making it intuitive for a technician or carpenter,The inset system provides robust hydraulic dampners for smooth soft close. The dampers are installed in such a way that they are completely concealed. Dampers are suitable for weight upto 50kgs,The high quality hikido inset system accomodates wooden doors from 18mm upto 25mm with a maximum load bearing capacity of 50kg per door,"Tested in compliance of EN:15706:2009 Level 3. Functionality suitable, sufficiently stregthened and durable for horizontal sliding doors. Suitable for wardrobe design where the doors are completely fit inside the carcass frame. 
","sliding wardrobe roller set
sliding wardrobe fitting
Sliding door
Wardrobe
Roller
Track
Closet
Soft close
Heavy duty
Nylon wheel
Stainless steel
Glass slider
""Wardrobe sliding door fittings""
""Soft close sliding door rollers""
""Heavy duty wardrobe track system""
""Sliding door wheels for almirah""
""Noiseless wardrobe roller set""
""Glass sliding door hardware""
""Cupboard sliding channel price""
""Smooth sliding wardrobe mechanism""
""Durable sliding door rollers for wooden doors""
""High load-bearing wardrobe wheels""",,,,,,,,,"
",Here's a comprehensive Amazon listing for the Godrej HIKIDO Wardrobe Track System:,"Advanced soft-close technology for smooth, quiet operation
High-grade aluminum construction for lasting durability
Easy installation and maintenance design
50kg load capacity per door
Complete hardware set for immediate installation","Perfect for:
✓ Modern wardrobes and closets
✓ Custom furniture projects
✓ Home renovation
✓ Interior designing needs

The HIKIDO system's inset design ensures your sliding doors fit perfectly within the wardrobe frame, creating a sophisticated, built-in look while maximizing space efficiency. The silver anodized finish adds a touch of elegance while providing excellent protection against wear and tear.

Trust Godrej's century-old legacy of quality and innovation to enhance your home with this premium wardrobe solution. Order now for a seamless upgrade to your storage spaces.

[Note: Installation by a qualified carpenter is recommended for optimal performance]

Keywords naturally integrated throughout the listing for SEO optimization while maintaining readability and relevance for the Indian market."
,25/11/2024,Godrej,Regular Channels - 45 kgs,Wardrobe Fittings,"Godrej Regular Channel 45kg chorme plated SS bearing, full extension",nnn,8032,Zinc,CRCA Steel,,Full Extension,45kg load bearing capacity,10 years warranty on functionality,zinc finish for durability and rust resistance,BIMFA Certified and tested for 50000 lifecycles,"Drawer slides
Drawer Channel for bedroom
Full extension Drawer channel
full extension drawer slides
wardrobe fittings",,,,,,,,,,Here's a comprehensive Amazon listing for the Godrej Drawer Channel:,"Kitchen cabinets and heavy utensil drawers
Wardrobe storage solutions
Office furniture
Tool storage units
Commercial applications","The full extension mechanism provides 100% access to drawer contents, eliminating the frustration of reaching for items at the back. The premium zinc finish not only adds a sophisticated look but also ensures long-lasting protection against rust and corrosion.

BIFMA certification and rigorous testing for 50,000 lifecycles demonstrate our commitment to quality. Each channel is backed by Godrej's trusted 10-year warranty, giving you complete confidence in your purchase.

Installation is straightforward, making these channels perfect for both professional carpenters and DIY enthusiasts. Choose Godrej for reliable, durable, and smooth-operating drawer solutions that enhance your furniture's functionality.

Search Terms (Backend):
drawer slides, drawer channel for bedroom, full extension drawer channel, full extension drawer slides, wardrobe fittings, godrej drawer channel, heavy duty drawer slides, kitchen drawer slides, wardrobe drawer channel, furniture hardware"
